story_id,prediction,rationale
95,1,The backstory is consistent with the novel. No retrieved passages contradict the described events or character details.
136,1,The backstory is consistent with the novel. No retrieved passages contradict the described events or character details.
59,1,The backstory is consistent with the novel. No retrieved passages contradict the described events or character details.
60,1,"The backstory is consistent with the novel. Retrieved passages mention related characters or events and do not contradict the backstory. For example: ""rm plateau, were uttering shouts of joy, when a well-known whistle was heard. The sound of a horse's hoofs was heard upon the plain, and the tall form of the Indian emerged from the darkness. [Illustr..."""
124,1,The backstory is consistent with the novel. No retrieved passages contradict the described events or character details.
111,1,"The backstory is consistent with the novel. Retrieved passages mention related characters or events and do not contradict the backstory. For example: ""ded by a most powerful organization—a man who has not, perhaps, like yourself seen all the kingdoms of the earth, but who has helped to overturn one of the greatest; in fact, a man who believed himsel..."""
135,1,"The backstory is consistent with the novel. Retrieved passages mention related characters or events and do not contradict the backstory. For example: ""” “Silence!” exclaimed Dantès. “Steps approach—I go—adieu!” And Dantès, happy to escape the history and explanation which would be sure to confirm his belief in his friend’s mental instability, glided..."""
27,1,The backstory is consistent with the novel. No retrieved passages contradict the described events or character details.
110,1,The backstory is consistent with the novel. No retrieved passages contradict the described events or character details.
42,1,The backstory is consistent with the novel. No retrieved passages contradict the described events or character details.
56,1,The backstory is consistent with the novel. No retrieved passages contradict the described events or character details.
80,0,"The backstory is inconsistent with the novel. Retrieved passages contradict key elements of the backstory. For example: ""is point his view commanded the whole extent of the pah, as far as Kai-Koumou's hut. ""They have gathered around the chief,"" said he, in a low voice. ""They are waving their arms, and howling. Kai-Koumou is going to speak."" The boy was silent for a few..."""
28,1,The backstory is consistent with the novel. No retrieved passages contradict the described events or character details.
101,1,"The backstory is consistent with the novel. Retrieved passages mention related characters or events and do not contradict the backstory. For example: ""ded by a most powerful organization—a man who has not, perhaps, like yourself seen all the kingdoms of the earth, but who has helped to overturn one of the greatest; in fact, a man who believed himsel..."""
91,1,The backstory is consistent with the novel. No retrieved passages contradict the described events or character details.
24,1,"The backstory is consistent with the novel. Retrieved passages mention related characters or events and do not contradict the backstory. For example: ""erfectly whom he had met. The name and merit of Jacques Paganel were well known to him. His geographical labors, his reports on modern discoveries, published in the bulletins of the Society, his corre..."""
119,1,The backstory is consistent with the novel. No retrieved passages contradict the described events or character details.
93,1,The backstory is consistent with the novel. No retrieved passages contradict the described events or character details.
72,1,"The backstory is consistent with the novel. Retrieved passages mention related characters or events and do not contradict the backstory. For example: ""a-Tété, which means in the native language ""The Irascible."" Kai-Koumou treated him with some respect, and from the delicacy of his tattooing it was evident that he occupied a high rank in his tribe. A..."""
16,1,"The backstory is consistent with the novel. Retrieved passages mention related characters or events and do not contradict the backstory. For example: ""t, in the society of these ladies, the passage of the Scotia will seem as short to us as agreeable."" Lady Helena and Miss Grant could not find a word to answer. They were completely bewildered by the ..."""
30,1,"The backstory is consistent with the novel. Retrieved passages mention related characters or events and do not contradict the backstory. For example: ""ory. ""Then you left the Britannia before her arrival at Callao, where the last news of her was dated?"" ""Yes,"" replied the quartermaster; ""for the Britannia never stopped at Callao while I was on board..."""
97,1,"The backstory is consistent with the novel. Retrieved passages mention related characters or events and do not contradict the backstory. For example: ""wn again to Noirtier, shut the doors carefully, and after convincing himself that no one was listening: “Do you,” said he, “know anything of this young lady’s illness?” “Yes,” said the old man. “We ha..."""
22,0,"The backstory is inconsistent with the novel. Retrieved passages contradict key elements of the backstory. For example: ""he lighthouse at Eden. The sea was rough, and the vessel labored heavily in the trough of the waves. The passengers found their situation very uncomfortable; but, as they could not remain on deck, they were forced to submit to confinement. [Illustrat..."""
53,1,The backstory is consistent with the novel. No retrieved passages contradict the described events or character details.
58,1,The backstory is consistent with the novel. No retrieved passages contradict the described events or character details.
81,1,"The backstory is consistent with the novel. Retrieved passages mention related characters or events and do not contradict the backstory. For example: ""warriors merely exchanged salutations, and then continued their course. The new-comers had recently fought against the English troops, as could be seen by their tattered garments, their gory weapons, ..."""
47,1,"The backstory is consistent with the novel. Retrieved passages mention related characters or events and do not contradict the backstory. For example: ""pointing to the plain, which was now deserted. ""Yes,"" replied the Indian, who comprehended the gesture of his companion; and, with vehement gesticulations which were however perfectly intelligible, he..."""
7,1,The backstory is consistent with the novel. No retrieved passages contradict the described events or character details.
121,1,The backstory is consistent with the novel. No retrieved passages contradict the described events or character details.
129,1,The backstory is consistent with the novel. No retrieved passages contradict the described events or character details.
51,1,The backstory is consistent with the novel. No retrieved passages contradict the described events or character details.
127,1,The backstory is consistent with the novel. No retrieved passages contradict the described events or character details.
133,1,The backstory is consistent with the novel. No retrieved passages contradict the described events or character details.
52,1,The backstory is consistent with the novel. No retrieved passages contradict the described events or character details.
114,1,The backstory is consistent with the novel. No retrieved passages contradict the described events or character details.
2,1,"The backstory is consistent with the novel. Retrieved passages mention related characters or events and do not contradict the backstory. For example: ""ooked at each other with a smile. As for Paganel, he laughed heartily, and promised ""upon his honor"" not to commit a single blunder during the entire voyage. He then in a very comical way told the sto..."""
33,1,The backstory is consistent with the novel. No retrieved passages contradict the described events or character details.
15,1,The backstory is consistent with the novel. No retrieved passages contradict the described events or character details.
82,1,The backstory is consistent with the novel. No retrieved passages contradict the described events or character details.
37,1,"The backstory is consistent with the novel. Retrieved passages mention related characters or events and do not contradict the backstory. For example: ""his head to one side, though not so quickly but that Captain Mangles had intercepted his glance, and instinctively felt his suspicions increased. The quartermaster made his preparations for departure,..."""
3,1,"The backstory is consistent with the novel. Retrieved passages mention related characters or events and do not contradict the backstory. For example: ""he lighthouse at Eden. The sea was rough, and the vessel labored heavily in the trough of the waves. The passengers found their situation very uncomfortable; but, as they could not remain on deck, the..."""
103,1,The backstory is consistent with the novel. No retrieved passages contradict the described events or character details.
94,1,The backstory is consistent with the novel. No retrieved passages contradict the described events or character details.
85,1,The backstory is consistent with the novel. No retrieved passages contradict the described events or character details.
21,1,The backstory is consistent with the novel. No retrieved passages contradict the described events or character details.
49,1,The backstory is consistent with the novel. No retrieved passages contradict the described events or character details.
140,1,The backstory is consistent with the novel. No retrieved passages contradict the described events or character details.
64,1,The backstory is consistent with the novel. No retrieved passages contradict the described events or character details.
131,1,"The backstory is consistent with the novel. Retrieved passages mention related characters or events and do not contradict the backstory. For example: ""l understand each other, I hope.” “There, now,” whispered the governor, “it is just as I told you.” “Monsieur,” continued the prisoner, “I am the Abbé Faria, born at Rome. I was for twenty years Cardi..."""
61,1,The backstory is consistent with the novel. No retrieved passages contradict the described events or character details.
86,1,"The backstory is consistent with the novel. Retrieved passages mention related characters or events and do not contradict the backstory. For example: ""you think that Kai-Koumou's eyes cannot read your heart?"" Then, pointing to Lady Helena, he said: ""That is your wife!"" ""No, mine!"" cried Kara-Tété. Then, pushing back the prisoners, the chief laid his..."""
38,1,"The backstory is consistent with the novel. Retrieved passages mention related characters or events and do not contradict the backstory. For example: ""the same time he declared his intention of sending for him. ""Can I be released from attending this tribunal?"" asked Lady Helena. ""I confess to you, my dear Edward, that the sight of this unfortunate w..."""
132,1,"The backstory is consistent with the novel. Retrieved passages mention related characters or events and do not contradict the backstory. For example: ""e hour of my death. As for you, who are young and active, delay not on my account, but fly—go—I give you back your promise.” “It is well,” said Dantès. “Then I shall also remain.” Then, rising and ext..."""
77,1,"The backstory is consistent with the novel. Retrieved passages mention related characters or events and do not contradict the backstory. For example: ""ing before, the little party, led astray by the dense fog, had encamped in the midst of a numerous tribe of natives. About midnight, the travelers, surprised in their sleep, were made prisoners and ca..."""
70,1,The backstory is consistent with the novel. No retrieved passages contradict the described events or character details.
115,1,"The backstory is consistent with the novel. Retrieved passages mention related characters or events and do not contradict the backstory. For example: ""e hour of my death. As for you, who are young and active, delay not on my account, but fly—go—I give you back your promise.” “It is well,” said Dantès. “Then I shall also remain.” Then, rising and ext..."""
78,1,The backstory is consistent with the novel. No retrieved passages contradict the described events or character details.
87,1,"The backstory is consistent with the novel. Retrieved passages mention related characters or events and do not contradict the backstory. For example: ""ded by a most powerful organization—a man who has not, perhaps, like yourself seen all the kingdoms of the earth, but who has helped to overturn one of the greatest; in fact, a man who believed himsel..."""
75,1,"The backstory is consistent with the novel. Retrieved passages mention related characters or events and do not contradict the backstory. For example: ""is point his view commanded the whole extent of the pah, as far as Kai-Koumou's hut. ""They have gathered around the chief,"" said he, in a low voice. ""They are waving their arms, and howling. Kai-Koumo..."""
44,1,The backstory is consistent with the novel. No retrieved passages contradict the described events or character details.
